{"loss": [3.4081859588623047], "accuracy": [0.11798469722270966]}